BACODE,BANAME,BANGENAN,BACO2AN,BACO2RTA,BACO2CRT,BACO2EQA,BAC2ERTA,BAC2ECRT,BAFSC2ERT,ci_total_g_per_kwh,ci_combustion_g_per_kwh,ci_total_co2e_g_per_kwh,ci_combustion_co2e_g_per_kwh,ci_fossilonly_g_per_kwh,ba_ef_kg_per_mwh
YAD,"Alcoa Power Generating, Inc. - Yadkin Division",825434.999,0.0,0.0,0.0,0.0,0.0,0.0,0.0,0.0,0.0,0.0,0.0,0.0,0.0
AZPS,Arizona Public Service Company,16182053.996,11707179.598,1446.934,1707.477,11791796.353,1457.392,1719.819,1743.27,656.31822229358,774.49853915049,661.0618912990401,780.09677618103,790.7339708499001,656.31822229358
DEAA,"Arlington Valley, LLC - AVBA",3496839.0,1526403.427,873.019,873.019,1527939.414,873.897,873.897,873.897,395.99475726503005,395.99475726503005,396.39301136589006,396.39301136589006,396.39301136589006,395.99475726503005
AECI,"Associated Electric Cooperative, Inc.",26651267.008,17126002.767,1285.192,1426.294,17219491.106,1292.208,1434.08,1435.065,582.95328518504,646.95607577678,586.1356892529601,650.4877459696,650.9345344540501,582.95328518504
AVRN,Avangrid Renewables LLC,7392960.59,1365296.619,369.35,890.802,1366648.779,369.716,891.684,891.684,167.53434185950002,404.06099038074,167.70035666692002,404.46105885108,404.46105885108,167.53434185950002
AVA,Avista Corporation,8155835.997,1463061.975,358.777,830.891,1482493.243,363.542,841.926,965.266,162.73850973149,376.88581790167,164.89987737453998,381.89120970462005,437.83729262042,162.73850973149
BANC,Balancing Authority of Northern California,12318907.996,2363328.601,383.691,873.955,2365671.532,384.072,874.821,931.201,174.03931003767,396.41931972335004,174.21212873064002,396.81213071577,422.38566853637,174.03931003767
BPAT,Bonneville Power Administration,94877615.402,10078741.605,212.458,1166.405,10135295.86,213.65,1172.95,1256.509,96.36932774546,529.07240832985,96.9100098505,532.0411703915,569.9428952363301,96.36932774546
CISO,California Independent System Operator,187285875.215,34586633.618,369.346,828.603,34708838.864,370.651,831.531,864.308,167.53252749002002,375.84799855911,168.12446553287,377.17611701847,392.04351412996004,167.53252749002002
CEA,Chugach Electric Assn Inc,2183560.001,905184.689,829.091,956.297,906138.057,829.964,957.304,977.397,376.06935163567005,433.76902265389003,376.46533777468005,434.22579017048,443.33982166089004,376.06935163567005
HST,City of Homestead,-3965.0,52.515,-26.489,-26.489,52.749,-26.607,-26.607,-26.607,-12.015208288930001,-12.015208288930001,-12.06873218859,-12.06873218859,-12.06873218859,-12.015208288930001
TPWR,"City of Tacoma, Department of Public Utilities, Light Division",2194600.222,4756.263,4.335,53.052,6423.645,5.854,71.65,0.0,1.9663229239500002,24.06398241324,2.6553297339800004,32.499893310500006,0.0,1.9663229239500002
TAL,City of Tallahassee,3162847.0,1338907.18,846.647,876.095,1340353.326,847.561,877.042,877.042,384.03261928339003,397.39000739515,384.44720270957004,397.81955936954006,397.81955936954006,384.03261928339003
DUK,Duke Energy Carolinas,108363445.354,26257399.67,484.617,1186.363,26348661.775,486.302,1190.486,1198.704,219.81857357229,538.1252048503101,220.58287671574,539.99536619182,543.72298828848,219.81857357229
FPC,Duke Energy Florida Inc,46928419.496,22739445.545,969.112,1020.298,22826064.708,972.803,1024.184,1009.712,439.58180887544,462.79938792626,441.25601831311,464.56204787608,457.99765909744,439.58180887544
CPLE,Duke Energy Progress East,66952733.194,16119076.67,481.506,1074.453,16187717.148,483.557,1079.028,1129.359,218.40744770922,487.36368272361,219.33776566009,489.43886781636,512.26862539083,218.40744770922
CPLW,Duke Energy Progress West,41390.0,0.0,0.0,0.0,0.0,0.0,0.0,0.0,0.0,0.0,0.0,0.0,0.0,0.0
EPE,El Paso Electric Company,6157144.273,3111485.487,1010.691,1137.622,3114759.729,1011.755,1138.819,1142.109,458.44172602767003,516.01665914414,458.92434830935,516.55960921103,518.05192810833,458.44172602767003
ERCO,"Electric Reliability Council of Texas, Inc.",472940798.342,173570048.296,734.003,1172.001,174226351.896,736.779,1176.433,1184.734,332.93816035711006,531.61071123237,334.19733277623004,533.6210326162101,537.38630287958,332.93816035711006
FMPP,Florida Municipal Power Pool,13630172.192,7850575.048,1151.941,1184.923,7880392.901,1156.316,1189.423,1189.423,522.51164829017,537.47203183751,524.49611490892,539.51319750251,539.51319750251,522.51164829017
FPL,Florida Power & Light Company,139872512.007,41758322.973,597.091,827.236,41864479.775,598.609,829.339,810.837,270.83592179567,375.22793778932004,271.52447501333,376.18184254343004,367.78947651369003,270.83592179567
GVL,Gainesville Regional Utilities,1358240.999,1067732.625,1572.229,1576.201,1076531.118,1585.184,1589.189,1797.754,713.1510782927301,714.9527471863701,719.02736744608,720.84400488793,815.44749753698,713.1510782927301
GRID,"Gridforce Energy Management, LLC",3918106.2,1721902.537,878.946,878.946,1723590.899,879.808,879.808,879.808,398.68319924202,398.68319924202,399.07419586496,399.07419586496,399.07419586496,398.68319924202
GRIS,Gridforce South,1232745.0,0.0,0.0,0.0,0.0,0.0,0.0,0.0,0.0,0.0,0.0,0.0,0.0,0.0
GRIF,"Griffith Energy, LLC",3670670.0,1580277.363,861.029,861.029,1581877.216,861.901,861.901,861.901,390.55618474873,390.55618474873,390.95171729537,390.95171729537,390.95171729537,390.55618474873
HECO,Hawaiian Electric Co Inc,6504893.997,4804340.636,1477.146,1710.149,4833264.771,1486.04,1720.445,1690.174,670.02215497602,775.71053796313,674.0564055148,780.38072500465,766.65003037238,670.02215497602
ISNE,ISO New England Inc.,102139624.749,27647398.267,541.365,867.551,27846704.292,545.267,873.805,852.965,245.55903338505001,393.51451418587004,247.32895081279003,396.35128086785,386.89841587705,245.55903338505001
IPCO,Idaho Power Company,13416765.938,1509860.801,225.071,979.31,1511558.35,225.324,980.411,1005.331,102.09048830827001,444.20754386469997,102.20524717788001,444.70694906407,456.01047092447004,102.09048830827001
IID,Imperial Irrigation District,6150746.489,764276.283,248.515,1091.538,772611.135,251.225,1103.441,1045.54,112.72450783055,495.11330836506005,113.95374315325,500.51241834517003,474.2489665298,112.72450783055
JEA,JEA,9817975.595,5738594.767,1168.998,1176.53,5752481.595,1171.826,1179.377,1262.129,530.2485733452601,533.6650310761,531.53133256762,534.95640855349,572.49208435573,530.2485733452601
LGEE,LG&E and KU Services Company as agent for Louisville Gas and Electric Company and Kentucky Utilities,31021980.118,29381448.386,1894.234,1914.752,29595816.026,1908.055,1928.722,1927.8,859.21008939458,868.51689764224,865.47918954035,874.85358305114,874.435370886,859.21008939458
LDWP,Los Angeles Department of Water and Power,16925983.121,8569845.548,1012.626,1320.643,8611352.384,1017.531,1327.039,1376.23,459.31942726362,599.03358829391,461.54429783847,601.93476509243,624.2474273651001,459.31942726362
MISO,"Midcontinent Independent Transmission System Operator, Inc..",651974246.523,320113475.036,981.982,1409.887,321891922.517,987.438,1417.72,1447.201,445.41954267734,639.51398576219,447.89434264806,643.0669747964,656.43933145637,445.41954267734
GWA,"NaturEner Power Watch, LLC (GWA)",456345.0,0.0,0.0,0.0,0.0,0.0,0.0,0.0,0.0,0.0,0.0,0.0,0.0,0.0
WWA,"NaturEner Wind Watch, LLC",563641.0,0.0,0.0,0.0,0.0,0.0,0.0,0.0,0.0,0.0,0.0,0.0,0.0,0.0
NEVP,Nevada Power Company,36241801.475,12772811.116,704.866,1018.845,12803474.511,706.558,1021.291,1019.067,319.72183947242,462.14031821265,320.48931776246,463.24980514967007,462.24101571879004,319.72183947242
NBSO,New Brunswick System Operator,577183.001,48873.053,169.35,323.255,50010.461,173.292,330.778,0.0,76.8158678595,146.62600156435,78.60392898204,150.03837696386,0.0,76.8158678595
HGMA,"New Harquahala Generating Company, LLC - HGBA",2326465.0,968559.157,832.645,832.645,969584.037,833.526,833.526,833.526,377.68141891865,377.68141891865,378.08103379662,378.08103379662,378.08103379662,377.68141891865
NYIS,New York Independent System Operator,129706543.159,31078488.916,479.212,922.956,31172373.253,480.66,925.744,915.459,217.36690681244,418.64579944572,218.02370856420004,419.91041497328,415.24521744783,217.36690681244
NAN,No balancing authority,55.0,50.631,1841.127,1841.127,50.797,1847.164,1847.164,1847.164,835.12115940099,835.12115940099,837.85949653868,837.85949653868,837.85949653868,835.12115940099
NA - AK,No balancing authority - AK,4495345.16,1799184.298,800.465,1237.618,1813701.548,806.924,1247.604,1245.525,363.08481645205,561.37408177466,366.01456956988,565.9036551814801,564.96063664425,363.08481645205
NA - HI,No balancing authority - HI,2653723.736,1538602.585,1159.58,1533.746,1553405.123,1170.736,1548.502,1571.172,525.9766404046,695.6954831180201,531.03691688432,702.38869212974,712.67163115764,525.9766404046
NA - PR,No balancing authority - PR,17501153.122,13502782.48,1543.073,1579.361,13550533.995,1548.53,1584.946,1584.946,699.9261391530101,716.3860990755701,702.4013927161001,718.91941246202,718.91941246202,699.9261391530101
NWMT,NorthWestern Energy (NWMT),17737248.012,14039229.23,1583.022,2207.803,14142982.764,1594.721,2224.119,2224.119,718.04670074214,1001.44259526311,723.3532778787701,1008.8434083720301,1008.8434083720301,718.04670074214
PJM,"PJM Interconnection, LLC",822990193.059,294667605.023,716.09,1175.76,296031605.381,719.405,1181.203,1191.793,324.81296023330003,533.3157649512,326.31661893985,535.78466822111,540.58821141941,324.81296023330003
DOPD,PUD No. 1 of Douglas County,3498318.0,0.0,0.0,0.0,0.0,0.0,0.0,0.0,0.0,0.0,0.0,0.0,0.0,0.0
PACE,PacifiCorp - East,54847525.252,38668452.296,1410.035,1923.984,38911485.248,1418.897,1936.077,1938.968,639.5811174329501,872.70446240208,643.60085301589,878.18975493249,879.50109047416,639.5811174329501
PACW,PacifiCorp - West,8618761.002,1322161.798,306.81,770.712,1332098.109,309.116,776.504,873.98,139.1666750397,349.58908266744004,140.21265904492,352.21628967448004,396.43065953260003,139.1666750397
PGE,Portland General Electric Company,14736945.989,5858963.215,795.139,1062.312,5866333.223,796.14,1063.648,1058.968,360.66898348943005,481.85661775944,361.1230294518,482.46261716576,480.33980487416005,360.66898348943005
PSCO,Public Service Company of Colorado,38279085.472,15362440.681,802.655,1440.599,15431471.483,806.261,1447.073,1455.229,364.07818374235,653.44471462963,365.71383782857,656.3812716330101,660.0807710027301,364.07818374235
PNM,Public Service Company of New Mexico,16936645.764,3338620.777,394.248,973.695,3342080.078,394.657,974.704,976.311,178.82788468776,441.66062270715,179.01340396709,442.11829740848,442.84722034707005,178.82788468776
CHPD,Public Utility District No. 1 of Chelan County,7339987.004,0.0,0.0,0.0,0.0,0.0,0.0,0.0,0.0,0.0,0.0,0.0,0.0,0.0
GCPD,"Public Utility District No. 2 of Grant County, Washington",4131457.0,0.0,0.0,0.0,0.0,0.0,0.0,0.0,0.0,0.0,0.0,0.0,0.0,0.0
PSEI,Puget Sound Energy,13511344.994,4335047.281,641.69,854.156,4341753.675,642.683,855.477,871.661,291.0656879053,387.43864438971997,291.51610512871,388.03783991049,395.37877882657,291.0656879053
SRP,Salt River Project,69384660.994,19136783.686,551.614,1067.265,19174697.94,552.707,1069.38,1069.572,250.20790158518002,484.10326076805006,250.70367804559,485.0626086306001,485.14969836563995,250.20790158518002
SCL,Seattle City Light,4595650.809,2005.092,0.873,470.855,2009.895,0.875,471.983,3081.326,0.39598613901,213.57623537635,0.39689332375,214.08788756971,1397.66596308262,0.39598613901
SEC,Seminole Electric Cooperative,12632925.695,7629231.312,1207.833,1213.639,7666164.186,1213.68,1219.514,1220.452,547.8638330342101,550.49739033443,550.5159876216001,553.16224550818,553.58771515124,547.8638330342101
SCEG,South Carolina Electric & Gas Company,26041806.003,9702642.748,745.159,1197.253,9746965.956,748.563,1202.722,1249.92,337.99843683683,543.06482575961,339.54246526431,545.5455224311401,566.9541751104001,337.99843683683
SC,South Carolina Public Service Authority,18394728.0,15435196.522,1678.22,1766.889,15545399.267,1690.202,1779.504,1855.677,761.2277871814,801.44736903693,766.66273095874,807.16943678448,841.72092838449,761.2277871814
SEPA,Southeastern Power Administration,1387338.002,0.0,0.0,0.0,55.283,0.08,27.607,0.0,0.0,0.0,0.036287389600000004,12.52232455859,0.0,0.0
SOCO,"Southern Company Services, Inc. - Trans",250507243.488,105556386.55,842.741,1152.505,106023498.253,846.471,1157.605,1216.673,382.26088748617,522.76747438685,383.95278702627,525.08079547385,551.87358958501,382.26088748617
SWPP,Southwest Power Pool,279538650.879,121812540.54,871.526,1617.82,122487409.371,876.354,1626.783,1639.967,395.31754385662,733.8308080334,397.50748781898005,737.89635644571,743.8765182517901,395.31754385662
SPA,Southwestern Power Administration,6198796.12,1605780.722,518.094,2358.21,1617174.808,521.771,2374.943,2374.943,235.00348534278004,1069.6660628577001,236.67134448727,1077.2560239849101,1077.2560239849101,235.00348534278004
TEC,Tampa Electric Company,22656395.999,9681647.121,854.65,964.974,9713420.901,857.455,968.141,937.944,387.6627190205,437.70484364838006,388.93504561835005,439.14137068417,425.44424188728,387.6627190205
TVA,Tennessee Valley Authority,164892512.617,52849525.282,641.018,1330.054,53088904.241,643.921,1336.079,1352.342,290.76087383266,603.30234608798,292.07765248277,606.03524011723,613.4120128305401,290.76087383266
TEPC,Tucson Electric Power Company,10246693.53,8306065.525,1621.219,2001.347,8366757.474,1633.065,2015.971,2011.244,735.3725684990301,907.79572892239,740.7458237140501,914.42906374127,912.28493260828,735.3725684990301
TIDC,Turlock Irrigation District,2321094.999,896203.07,772.224,1021.638,897054.004,772.958,1022.608,1022.608,350.27491433088005,463.40720170206004,350.60785113046,463.84718630096,463.84718630096,350.27491433088005
WALC,Western Area Power Administration - Desert Southwest Region,16415918.998,3946997.597,480.874,1079.585,3955193.042,481.873,1081.827,1081.827,218.12077733138003,489.69151876645003,218.57391610901,490.70847285999,490.70847285999,218.12077733138003
WACM,Western Area Power Administration - Rocky Mountain Region,37487778.011,35042402.843,1869.537,2269.542,35281164.341,1882.276,2285.005,2285.81,848.0077186326901,1029.44693459454,853.7860318341201,1036.46083341185,1036.8259752697,848.0077186326901
WAUW,Western Area Power Administration UGP West,3376549.999,0.0,0.0,0.0,0.0,0.0,0.0,0.0,0.0,0.0,0.0,0.0,0.0,0.0
