region_B_1,n_facilities,electricity_twh,co2_mt,total_capacity_mw,scenario,u,ci_g_per_kwh
AZPS,6,0.988128,0.6485264123585106,235.0,low_load,0.48,656.31822229358
BPAT,29,4.4739072,0.4311474292595732,1064.0,low_load,0.48,96.36932774545998
CISO,3,0.4299952205011813,0.07203818609919137,102.26294247079082,low_load,0.48,167.53252749002002
DOPD,2,0.504576,0.0,120.0,low_load,0.48,0.0
DUK,8,1.6651008,0.36602008271007896,396.0,low_load,0.48,219.81857357229
ERCO,22,3.8137536,1.2697441076393057,907.0,low_load,0.48,332.93816035711006
GCPD,19,1.5053184,0.0,358.0,low_load,0.48,0.0
MISO,26,5.9329728,2.6426620312930975,1411.0,low_load,0.48,445.41954267734
NEVP,5,1.36656,0.43691907694943033,325.0,low_load,0.48,319.7218394724201
NYIS,1,0.084096,0.018279687395298953,20.0,low_load,0.48,217.36690681243996
PACE,5,1.0512000000000001,0.6723276706455171,250.0,low_load,0.48,639.58111743295
PACW,27,4.707273600000001,0.6550956154141588,1119.5,low_load,0.48,139.1666750397
PGE,1,0.0378432,0.013648868475987197,9.0,low_load,0.48,360.66898348943
PJM,189,27.173115771590975,8.826180172532638,6462.403865009269,low_load,0.48,324.81296023330003
PNM,8,0.9671040000000001,0.17294516259307144,230.0,low_load,0.48,178.82788468776
PSCO,1,0.063072,0.0229631392049975,15.0,low_load,0.48,364.07818374234995
PSEI,1,0.07148159999999999,0.02080584107657149,17.0,low_load,0.48,291.0656879053
SCEG,10,1.303488,0.4405769064355659,310.0,low_load,0.48,337.9984368368301
SOCO,9,1.4044032,0.5368484136204171,334.0,low_load,0.48,382.26088748617
SRP,6,1.68192,0.420829673834146,400.0,low_load,0.48,250.20790158518002
SWPP,16,5.319072,2.1027224786365193,1265.0,low_load,0.48,395.3175438566199
TVA,7,2.1024,0.6112956611457844,500.0,low_load,0.48,290.76087383266
WACM,2,1.0175616,0.8629000909842299,242.0,low_load,0.48,848.00771863269
AZPS,6,1.193988,0.783636081599867,235.0,central_reference,0.58,656.31822229358
BPAT,29,5.4059712,0.5209698103553176,1064.0,central_reference,0.58,96.36932774545998
CISO,3,0.519577558105594,0.0870461415365229,102.26294247079082,central_reference,0.58,167.53252749002002
DOPD,2,0.609696,0.0,120.0,central_reference,0.58,0.0
DUK,8,2.0119968,0.44227426660801206,396.0,central_reference,0.58,219.81857357229
ERCO,22,4.6082856,1.5342741300641611,907.0,central_reference,0.58,332.93816035711006
GCPD,19,1.8189264,0.0,358.0,central_reference,0.58,0.0
MISO,26,7.1690088,3.193216621145826,1411.0,central_reference,0.58,445.41954267733996
NEVP,5,1.65126,0.5279438846472282,325.0,central_reference,0.58,319.72183947242
NYIS,1,0.101616,0.022087955602652903,20.0,central_reference,0.58,217.36690681244
PACE,5,1.2702,0.8123959353633332,250.0,central_reference,0.58,639.5811174329501
PACW,27,5.6879556,0.7915738686254419,1119.5,central_reference,0.58,139.1666750397
PGE,1,0.045727199999999996,0.016492382741817864,9.0,central_reference,0.58,360.66898348943005
PJM,189,32.83418155733909,10.664967708476937,6462.403865009269,central_reference,0.58,324.81296023330003
PNM,8,1.168584,0.20897540479996132,230.0,central_reference,0.58,178.82788468776
PSCO,1,0.076212,0.027747126539371978,15.0,central_reference,0.58,364.07818374235
PSEI,1,0.0863736,0.02514039130085722,17.0,central_reference,0.58,291.0656879053
SCEG,10,1.575048,0.5323637619429754,310.0,central_reference,0.58,337.99843683683
SOCO,9,1.6969872,0.6486918331246707,334.0,central_reference,0.58,382.26088748617
SRP,6,2.03232,0.508502522549593,400.0,central_reference,0.58,250.20790158518002
SWPP,16,6.427212,2.540789661685794,1265.0,central_reference,0.58,395.3175438566199
TVA,7,2.5404,0.7386489238844895,500.0,central_reference,0.58,290.76087383266
WACM,2,1.2295536,1.042670943272611,242.0,central_reference,0.58,848.0077186326898
AZPS,6,1.3648518,0.8957771070701929,235.0,continuity_sensitivity,0.663,656.3182222935801
BPAT,29,6.17958432,0.5955223866647856,1064.0,continuity_sensitivity,0.663,96.36932774546
CISO,3,0.5939308983172567,0.09950274454950808,102.26294247079082,continuity_sensitivity,0.663,167.53252749002002
DOPD,2,0.6969456,0.0,120.0,continuity_sensitivity,0.663,0.0
DUK,8,2.29992048,0.5055652392432965,396.0,continuity_sensitivity,0.663,219.81857357229
ERCO,22,5.26774716,1.7538340486767914,907.0,continuity_sensitivity,0.663,332.9381603571101
GCPD,19,2.07922104,0.0,358.0,continuity_sensitivity,0.663,0.0
MISO,26,8.19491868,3.650176930723591,1411.0,continuity_sensitivity,0.663,445.41954267734
NEVP,5,1.887561,0.6034944750364006,325.0,continuity_sensitivity,0.663,319.7218394724201
NYIS,1,0.1161576,0.025248818214756684,20.0,continuity_sensitivity,0.663,217.36690681244002
PACE,5,1.45197,0.9286525950791205,250.0,continuity_sensitivity,0.663,639.58111743295
PACW,27,6.50192166,0.9048508187908069,1119.5,continuity_sensitivity,0.663,139.1666750397
PGE,1,0.052270920000000005,0.018852499582457324,9.0,continuity_sensitivity,0.663,360.6689834894301
PJM,189,37.532866159510036,12.191161363310705,6462.403865009269,continuity_sensitivity,0.663,324.81296023330003
PNM,8,1.3358124,0.23888050583167997,230.0,continuity_sensitivity,0.663,178.82788468776005
PSCO,1,0.0871182,0.031717836026902806,15.0,continuity_sensitivity,0.663,364.07818374235006
PSEI,1,0.09873396000000001,0.02873806798701438,17.0,continuity_sensitivity,0.663,291.0656879053
SCEG,10,1.8004428,0.6085468520141254,310.0,continuity_sensitivity,0.663,337.9984368368301
SOCO,9,1.9398319200000003,0.7415218713132012,334.0,continuity_sensitivity,0.663,382.26088748616996
SRP,6,2.323152,0.5812709869834142,400.0,continuity_sensitivity,0.663,250.20790158518002
SWPP,16,7.3469682,2.9043854236166924,1265.0,continuity_sensitivity,0.663,395.31754385662
TVA,7,2.90394,0.8443521319576148,500.0,continuity_sensitivity,0.663,290.76087383266
WACM,2,1.4055069599999999,1.1918807506719675,242.0,continuity_sensitivity,0.663,848.0077186326901
AZPS,6,1.44102,0.9457676846894946,235.0,ai_weighted_high,0.7,656.31822229358
BPAT,29,6.524448,0.628756667670211,1064.0,ai_weighted_high,0.7,96.36932774546
CISO,3,0.6270763632308893,0.10505568806132073,102.26294247079082,ai_weighted_high,0.7,167.53252749002002
DOPD,2,0.73584,0.0,120.0,ai_weighted_high,0.7,0.0
DUK,8,2.4282719999999998,0.5337792872855318,396.0,ai_weighted_high,0.7,219.81857357229003
ERCO,22,5.561724,1.8517101569739873,907.0,ai_weighted_high,0.7,332.93816035711006
GCPD,19,2.195256,0.0,358.0,ai_weighted_high,0.7,0.0
MISO,26,8.652251999999999,3.8538821289691003,1411.0,ai_weighted_high,0.7,445.4195426773401
NEVP,5,1.9929,0.6371736538845858,325.0,ai_weighted_high,0.7,319.72183947242
NYIS,1,0.12263999999999999,0.02665787745147764,20.0,ai_weighted_high,0.7,217.36690681244
PACE,5,1.533,0.9804778530247126,250.0,ai_weighted_high,0.7,639.5811174329502
PACW,27,6.864774,0.9553477724789816,1119.5,ai_weighted_high,0.7,139.1666750397
PGE,1,0.055188,0.019904599860814665,9.0,ai_weighted_high,0.7,360.66898348943005
PJM,189,39.627460500236836,12.871512751610096,6462.403865009269,ai_weighted_high,0.7,324.81296023330003
PNM,8,1.41036,0.2522116954482292,230.0,ai_weighted_high,0.7,178.82788468776
PSCO,1,0.09198,0.03348791134062135,15.0,ai_weighted_high,0.7,364.07818374234995
PSEI,1,0.104244,0.0303418515700001,17.0,ai_weighted_high,0.7,291.0656879053
SCEG,10,1.90092,0.6425079885518669,310.0,ai_weighted_high,0.7,337.99843683683
SOCO,9,2.048088,0.782903936529775,334.0,ai_weighted_high,0.7,382.26088748617
SRP,6,2.4528,0.6137099410081296,400.0,ai_weighted_high,0.7,250.20790158518002
SWPP,16,7.7569799999999995,3.066470281344924,1265.0,ai_weighted_high,0.7,395.31754385662
TVA,7,3.066,0.8914728391709357,500.0,ai_weighted_high,0.7,290.76087383266
WACM,2,1.483944,1.2583959660186685,242.0,ai_weighted_high,0.7,848.0077186326901
