STUSPS,n_facilities,electricity_twh,co2_mt,total_capacity_mw,scenario,u,ci_g_per_kwh
AL,2,1.26144,0.3667773966874706,300.0,low_load,0.48,290.76087383266
AZ,12,2.670048,1.0693560861926565,635.0,low_load,0.48,400.500697437895
CA,3,0.4299952205011813,0.07203818609919137,102.26294247079082,low_load,0.48,167.53252749002002
CO,1,0.063072,0.0229631392049975,15.0,low_load,0.48,364.07818374234995
GA,9,1.4044032,0.5368484136204171,334.0,low_load,0.48,382.26088748617
IA,26,5.9329728,2.6426620312930975,1411.0,low_load,0.48,445.41954267734
IL,8,1.9510272,0.6337189203276867,464.0,low_load,0.48,324.81296023330003
NC,8,1.6651008,0.36602008271007896,396.0,low_load,0.48,219.81857357229
NE,8,2.922336,1.1552506898437793,695.0,low_load,0.48,395.3175438566199
NM,8,0.9671040000000001,0.17294516259307144,230.0,low_load,0.48,178.82788468776
NV,5,1.36656,0.43691907694943033,325.0,low_load,0.48,319.7218394724201
NY,1,0.084096,0.018279687395298953,20.0,low_load,0.48,217.36690681243996
OH,38,7.3121472,2.3750801776936363,1739.0,low_load,0.48,324.81296023330003
OK,8,2.396736,0.94747178879274,570.0,low_load,0.48,395.3175438566199
OR,56,9.2106144,1.099081485651111,2190.5,low_load,0.48,119.32770583155788
PA,1,0.2018304,0.06555712968907104,48.0,low_load,0.48,324.8129602333001
SC,10,1.303488,0.4405769064355659,310.0,low_load,0.48,337.9984368368301
TN,5,0.84096,0.24451826445831376,200.0,low_load,0.48,290.76087383265997
TX,22,3.8137536,1.2697441076393057,907.0,low_load,0.48,332.93816035711006
UT,5,1.0512000000000001,0.6723276706455171,250.0,low_load,0.48,639.58111743295
VA,142,17.708110971590976,5.7518239448222435,4211.403865009269,low_load,0.48,324.81296023330003
WA,23,2.0897856,0.02161626857517971,497.0,low_load,0.48,10.343773339800844
WY,2,1.0175616,0.8629000909842299,242.0,low_load,0.48,848.00771863269
AL,2,1.52424,0.44318935433069373,300.0,central_reference,0.58,290.76087383266
AZ,12,3.226308,1.29213860414946,635.0,central_reference,0.58,400.500697437895
CA,3,0.519577558105594,0.0870461415365229,102.26294247079082,central_reference,0.58,167.53252749002002
CO,1,0.076212,0.027747126539371978,15.0,central_reference,0.58,364.07818374235
GA,9,1.6969872,0.6486918331246707,334.0,central_reference,0.58,382.26088748617
IA,26,7.1690088,3.193216621145826,1411.0,central_reference,0.58,445.41954267733996
IL,8,2.3574911999999997,0.7657436953959548,464.0,central_reference,0.58,324.8129602333001
NC,8,2.0119968,0.44227426660801206,396.0,central_reference,0.58,219.81857357229
NE,8,3.531156,1.3959279168945666,695.0,central_reference,0.58,395.3175438566199
NM,8,1.168584,0.20897540479996132,230.0,central_reference,0.58,178.82788468776
NV,5,1.65126,0.5279438846472282,325.0,central_reference,0.58,319.72183947242
NY,1,0.101616,0.022087955602652903,20.0,central_reference,0.58,217.36690681244
OH,38,8.8355112,2.869888548046477,1739.0,central_reference,0.58,324.8129602333001
OK,8,2.8960559999999997,1.1448617447912273,570.0,central_reference,0.58,395.3175438566199
OR,56,11.1294924,1.3280567951617592,2190.5,central_reference,0.58,119.32770583155788
PA,1,0.2438784,0.07921486504096083,48.0,central_reference,0.58,324.8129602333
SC,10,1.575048,0.5323637619429754,310.0,central_reference,0.58,337.99843683683
TN,5,1.01616,0.2954595695537958,200.0,central_reference,0.58,290.76087383266
TX,22,4.6082856,1.5342741300641611,907.0,central_reference,0.58,332.93816035711006
UT,5,1.2702,0.8123959353633332,250.0,central_reference,0.58,639.5811174329501
VA,142,21.397300757339092,6.950120599993544,4211.403865009269,central_reference,0.58,324.8129602333001
WA,23,2.5251576,0.026119657861675485,497.0,central_reference,0.58,10.343773339800844
WY,2,1.2295536,1.042670943272611,242.0,central_reference,0.58,848.0077186326898
AL,2,1.742364,0.5066112791745689,300.0,continuity_sensitivity,0.663,290.7608738326601
AZ,12,3.6880037999999997,1.477048094053607,635.0,continuity_sensitivity,0.663,400.50069743789504
CA,3,0.5939308983172567,0.09950274454950808,102.26294247079082,continuity_sensitivity,0.663,167.53252749002002
CO,1,0.0871182,0.031717836026902806,15.0,continuity_sensitivity,0.663,364.07818374235006
GA,9,1.9398319200000003,0.7415218713132012,334.0,continuity_sensitivity,0.663,382.26088748616996
IA,26,8.19491868,3.650176930723591,1411.0,continuity_sensitivity,0.663,445.41954267734
IL,8,2.69485632,0.8753242587026173,464.0,continuity_sensitivity,0.663,324.81296023330003
NC,8,2.29992048,0.5055652392432965,396.0,continuity_sensitivity,0.663,219.81857357229
NE,8,4.0364766,1.5956900153467204,695.0,continuity_sensitivity,0.663,395.31754385662
NM,8,1.3358124,0.23888050583167997,230.0,continuity_sensitivity,0.663,178.82788468776005
NV,5,1.887561,0.6034944750364006,325.0,continuity_sensitivity,0.663,319.7218394724201
NY,1,0.1161576,0.025248818214756684,20.0,continuity_sensitivity,0.663,217.36690681244002
OH,38,10.09990332,3.2805794954393352,1739.0,continuity_sensitivity,0.663,324.8129602333001
OK,8,3.3104915999999998,1.308695408269972,570.0,continuity_sensitivity,0.663,395.31754385662
OR,56,12.72216114,1.5181063020555972,2190.5,continuity_sensitivity,0.663,119.32770583155788
PA,1,0.27877824,0.09055078538302937,48.0,continuity_sensitivity,0.663,324.8129602333
SC,10,1.8004428,0.6085468520141254,310.0,continuity_sensitivity,0.663,337.9984368368301
TN,5,1.1615760000000002,0.3377408527830459,200.0,continuity_sensitivity,0.663,290.76087383265997
TX,22,5.26774716,1.7538340486767914,907.0,continuity_sensitivity,0.663,332.9381603571101
UT,5,1.45197,0.9286525950791205,250.0,continuity_sensitivity,0.663,639.58111743295
VA,142,24.459328279510036,7.944706823785724,4211.403865009269,continuity_sensitivity,0.663,324.81296023330003
WA,23,2.8865163600000003,0.029857470969466983,497.0,continuity_sensitivity,0.663,10.343773339800846
WY,2,1.4055069599999999,1.1918807506719675,242.0,continuity_sensitivity,0.663,848.0077186326901
AL,2,1.8396,0.5348837035025614,300.0,ai_weighted_high,0.7,290.7608738326601
AZ,12,3.89382,1.5594776256976242,635.0,ai_weighted_high,0.7,400.500697437895
CA,3,0.6270763632308893,0.10505568806132073,102.26294247079082,ai_weighted_high,0.7,167.53252749002002
CO,1,0.09198,0.03348791134062135,15.0,ai_weighted_high,0.7,364.07818374234995
GA,9,2.048088,0.782903936529775,334.0,ai_weighted_high,0.7,382.26088748617
IA,26,8.652251999999999,3.8538821289691003,1411.0,ai_weighted_high,0.7,445.4195426773401
IL,8,2.8452479999999998,0.9241734254778764,464.0,ai_weighted_high,0.7,324.81296023330003
NC,8,2.4282719999999998,0.5337792872855318,396.0,ai_weighted_high,0.7,219.81857357229003
NE,8,4.26174,1.6847405893555116,695.0,ai_weighted_high,0.7,395.31754385662
NM,8,1.41036,0.2522116954482292,230.0,ai_weighted_high,0.7,178.82788468776
NV,5,1.9929,0.6371736538845858,325.0,ai_weighted_high,0.7,319.72183947242
NY,1,0.12263999999999999,0.02665787745147764,20.0,ai_weighted_high,0.7,217.36690681244
OH,38,10.663548,3.463658592469886,1739.0,ai_weighted_high,0.7,324.81296023330003
OK,8,3.49524,1.3817296919894124,570.0,ai_weighted_high,0.7,395.31754385662
OR,56,13.432146,1.6028271665745368,2190.5,ai_weighted_high,0.7,119.32770583155788
PA,1,0.294336,0.0956041474632286,48.0,ai_weighted_high,0.7,324.81296023330003
SC,10,1.90092,0.6425079885518669,310.0,ai_weighted_high,0.7,337.99843683683
TN,5,1.2264,0.35658913566837425,200.0,ai_weighted_high,0.7,290.76087383266
TX,22,5.561724,1.8517101569739873,907.0,ai_weighted_high,0.7,332.93816035711006
UT,5,1.533,0.9804778530247126,250.0,ai_weighted_high,0.7,639.5811174329502
VA,142,25.824328500236838,8.388076586199105,4211.403865009269,ai_weighted_high,0.7,324.81296023330003
WA,23,3.0476039999999998,0.03152372500547042,497.0,ai_weighted_high,0.7,10.343773339800848
WY,2,1.483944,1.2583959660186685,242.0,ai_weighted_high,0.7,848.0077186326901
