BACODE,COAL,GAS,OIL,OFSL,OTHF,NUCLEAR,BIOMASS,GEOTHERMAL,HYDRO,SOLAR,WIND
YAD,0.0,0.0,0.0,0.0,0.0,0.0,0.0,0.0,1.0,0.0,0.0
AZPS,0.5657925411417178,0.2693449388953402,0.00014499806167909577,0.0,0.0,0.0,0.011926013268196149,0.0,0.0,0.11622451021342961,0.03656699841963693
DEAA,0.0,1.0,0.0,0.0,0.0,0.0,0.0,0.0,0.0,0.0,0.0
AECI,0.3991911872096318,0.5006674462052414,0.0005941291654685179,0.0,0.0,0.0,0.0006181694859855669,0.0,0.0013944552823773964,0.00010768718815044473,0.09742692546314474
AVRN,0.0,0.4146270694709967,0.0,0.0,0.0,0.0,0.0,0.0,0.0,0.0809236020571342,0.5044493284718691
AVA,0.0,0.33474414922026385,1.0188164646763374e-05,0.008408840246419864,0.0,0.0,0.0886346172237892,0.0,0.4851284405424533,0.004542759319829384,0.07853100528259764
BANC,0.0,0.4302553338444844,3.9930162634556544e-05,0.0,0.0,0.0,0.008733503893570192,0.0,0.5222469393354919,0.03872429276381895,0.0
BPAT,0.0438723504148641,0.12664698102885413,8.00181434265929e-05,0.0,0.0,0.08890198904019982,0.011543578069127933,0.0009337060346606614,0.6420610839496521,0.0033412531854165655,0.08261904013379819
CISO,0.0011105937059898902,0.41295290110947125,0.0003841799461558266,0.005179626198620625,0.0,0.0942150365144232,0.02427570485520102,0.04280484444681767,0.12427364037161014,0.2206870352532463,0.07411643759846419
CEA,0.0,0.8491572148234992,0.0,0.0,0.0,0.0,0.017823312388942827,0.0,0.11182472659326971,0.0,0.02119474619428823
HST,-0.0,0.009368978562421186,0.9906310214375788,-0.0,-0.0,-0.0,-0.0,-0.0,-0.0,-0.0,-0.0
TPWR,0.0,0.0028030453803604997,0.00042481997075278697,0.0,0.0,0.0,0.07847595277987707,0.0,0.9182961818690095,0.0,0.0
TAL,0.0,0.966041769667618,0.0003448434272382803,0.0,0.0,0.0,0.0,0.0,0.0,0.03361338690514376,0.0
DUK,0.08229635632768403,0.3232401216210752,0.00014749523660752292,0.0,0.0,0.5488993899252591,0.002805902352373483,0.0,0.010187992798022119,0.03242274173897862,0.0
FPC,0.08113966671466159,0.8474600012590543,0.0013788237320801512,0.0081594307843402,0.0,0.0,0.013472775058870436,0.0,0.0,0.048389302450993224,0.0
CPLE,0.0791426071401084,0.3488872503046409,0.0009933939411372551,0.0,0.0,0.46407582004580866,0.02070133275802103,0.0,0.009101568753869175,0.07695121281344501,0.0001468142429695363
CPLW,0.0,0.0,0.0,0.0,0.0,0.0,0.0,0.0,0.0,1.0,0.0
EPE,0.0,0.8847695212109479,0.00023257776209765056,0.0,0.0,0.0,0.002557135065001575,0.0,0.0,0.09105899554755927,0.021381770414393562
ERCO,0.12781724336585956,0.49386374912126624,0.0004506932578123624,0.003587865213207252,0.0,0.0860572022351857,0.0008719232130326223,0.0,0.0007384696203861671,0.059258338904391805,0.22735451506885845
FMPP,0.201862357256847,0.7690508446633204,6.330066738982704e-05,0.0,0.0,0.0,0.0011889262075311575,0.0,0.0,0.027834571204911555,0.0
FPL,0.0,0.7066753134037222,0.0007805631517738365,0.0063132487555215425,0.0,0.21399547155410772,0.007826028241724542,0.0,0.0016023968568359482,0.06280697803631427,0.0
GVL,0.013516736720508364,0.7718989104290034,-1.4867759109024097e-05,0.0,0.0,0.0,0.2120790492997929,0.0,0.0,0.002520171309804372,0.0
GRID,0.0,1.0,0.0,0.0,0.0,0.0,0.0,0.0,0.0,0.0,0.0
GRIS,0.0,0.0,0.0,0.0,0.0,0.0,0.0,0.0,0.0,0.0,1.0
GRIF,0.0,1.0,0.0,0.0,0.0,0.0,0.0,0.0,0.0,0.0,0.0
HECO,0.0,0.0,0.8110899694986508,0.027325342154204665,0.0,0.0,0.0252087974515819,0.0,0.0,0.07993465578752605,0.056441235108036586
ISNE,0.001990688164175523,0.5613748597756186,0.0038148287971795517,0.015607504096485541,0.0,0.22716235895188497,0.0411746873386067,0.0,0.08000088036822879,0.036198421512528015,0.03267577099529219
IPCO,0.0,0.22531631148991998,3.671965781877713e-06,0.0,0.0,0.0,0.005753146061353383,0.013188427141192664,0.5443758964045488,0.07571953145002314,0.13564301548718016
IID,0.0,0.1949727012187529,0.00011071955454053087,0.0,0.0,0.0,0.03249420505633396,0.5992739747676431,0.028287646271072622,0.14486075313165683,0.0
JEA,0.024734049677471847,0.8051928995674766,0.10211777649142458,8.135556995397301e-05,0.0,0.0,0.0614719879272513,0.0,0.0,0.006401930766421682,0.0
LGEE,0.8101484177607845,0.17862752032447574,0.00045273144811908085,0.0,0.0,0.0,5.563796995758616e-05,0.0,0.010186680489146444,0.0005290120075167709,0.0
LDWP,0.26508380009717764,0.47397333310357415,0.0007226524850118203,0.030445597331073774,0.0,0.0,0.005186541210452648,0.0,0.0476209080441319,0.14433231678420522,0.032634850944372885
MISO,0.28553851724560586,0.3853177003955293,0.004283485529638046,0.00986895857434067,0.0,0.1339832933355938,0.012896846881095943,0.0,0.012217132495699716,0.014013035237687654,0.14188103030480886
GWA,0.0,0.0,0.0,0.0,0.0,0.0,0.0,0.0,0.0,0.0,1.0
WWA,0.0,0.0,0.0,0.0,0.0,0.0,0.0,0.0,0.0,0.0,1.0
NEVP,0.056836213162637934,0.6333644428208448,0.00021779383952466466,0.0,0.0,0.0,0.0014809556782713082,0.10151722547687976,0.002196611566625196,0.19634971609964436,0.008037041355572023
NBSO,0.0,0.2560470872690474,0.0,0.0,0.0,0.0,0.3787336952036479,0.0,0.13616525519027878,0.009014285583260983,0.2200396767537649
HGMA,0.0,1.0,0.0,0.0,0.0,0.0,0.0,0.0,0.0,0.0,0.0
NYIS,0.0,0.49571087829591454,0.0032506352365215202,0.007652738189464316,0.0,0.21218539448694906,0.012542462766699708,0.0,0.21608815969549486,0.015779684133111517,0.03679004719584455
NAN,0.0,0.0,1.0,0.0,0.0,0.0,0.0,0.0,0.0,0.0,0.0
NA - AK,0.16238779778548537,0.29518600904128506,0.18859249401841247,0.0,0.0,0.0,0.0,0.0,0.339855148631431,1.022311240541443e-05,0.013968327410980603
NA - HI,0.0,0.0,0.7086848267718049,0.0,0.0,0.0,0.04657170584948124,0.07249711977459632,0.0351211330812411,0.04998923877701255,0.08713597574586401
NA - PR,0.15151238891873509,0.43548453124282493,0.38995007435018625,0.0,0.0,0.0,0.0,0.0,0.00215711682170064,0.014843734761398735,0.006052153905154427
NWMT,0.6513433657626365,0.03742854924079984,0.027698045491716908,0.000542504348832125,0.0,0.0,0.0,0.0,0.18965202841144857,0.013541277902914551,0.07979422884165144
PJM,0.1380315522879734,0.45530040859145154,0.0019102585065364306,0.0051290842625780235,0.0,0.33120546728147804,0.008645259293491378,0.0,0.007838552274906943,0.01735832862098603,0.03458108888059835
DOPD,0.0,0.0,0.0,0.0,0.0,0.0,0.0,0.0,1.0,0.0,0.0
PACE,0.48108659215136845,0.24553339625462237,0.0006360633650186079,0.006496169170677233,0.0,0.0,0.0015686307396966261,0.008378762736811013,0.01435314779840685,0.0749655086200653,0.1669817291633336
PACW,0.0,0.3513319712596746,0.0,0.0,0.0,0.0,0.04675448244355964,0.0,0.3632773897443226,0.0986777565480661,0.13995840000437704
PGE,0.0,0.7440072347116334,0.0,0.001821348424852232,0.0,0.0,0.002653090963029552,0.0,0.12363533199197356,0.018432840135265086,0.10945015377324614
PSCO,0.16815520961738376,0.38458540603250013,0.0009106938577280057,0.0,0.0,0.0,0.0032018505367979485,0.0,0.005015474470303578,0.08167216214605032,0.3564592033392362
PNM,0.0,0.4037809460475583,3.2630826711409315e-05,0.0,0.0,0.0,0.0007717478869247638,0.002115544960029137,0.0,0.08614752178021692,0.5071516084985594
CHPD,0.0,0.0,0.0,0.0,0.0,0.0,0.0,0.0,1.0,0.0,0.0
GCPD,0.0,0.0,0.0,0.0,0.0,0.0,0.0,0.0,1.0,0.0,0.0
PSEI,0.0,0.7181253502529142,0.001124570890022227,0.017640210312963134,0.0,0.0,0.014363310193536339,0.0,0.061767993080378426,0.002419290555891415,0.18455927471429426
SRP,0.04428967148660261,0.4722071838859658,0.00011159213412002381,0.0,0.0,0.45410558911482374,0.0,0.0,0.004742463695899473,0.02293645523924502,0.0016070444433434333
SCL,0.0,0.0002594620542982464,2.4025541662074194e-05,0.0,0.0,0.0,0.001569745025949872,0.0,0.9981467673780899,0.0,0.0
SEC,0.3063550046316773,0.6866932824126126,0.0014032199248919148,0.0,0.0,0.0,0.0007645893166528958,0.0,0.0,0.004783903714165314,0.0
SCEG,0.1566738678582031,0.4411314166374002,0.001406610463715233,0.00019869225926627277,0.0,0.2885995212529085,0.022975341283382945,0.0,0.018149565439495922,0.07086498480562779,0.0
SC,0.6006481922118403,0.30612126944575296,0.002730707087386729,0.0021479543537969133,0.0,0.0,0.03816815022648873,0.0,0.025290615936956886,0.024893110737777523,0.0
SEPA,0.0,0.0,0.0,0.0,0.0,0.0,0.0028868235426406544,0.0,0.9673114987119217,0.029801677745437665,0.0
SOCO,0.14866933476265073,0.5459019313685829,0.0010642189474513967,0.00036303862154136974,0.0,0.20811552410949322,0.035214304725232445,0.0,0.024620810261950447,0.036050837203097555,0.0
SWPP,0.25667732194778925,0.27658623909649876,0.0009272845089873911,0.001032434898425944,0.0,0.06167973513877849,0.003916605618536621,0.0,0.02988479020343613,0.0036784432496318404,0.36561714533791556
SPA,0.21908323537838492,0.00013067053504234837,0.0004842516131701424,0.0,0.0,0.0,0.0,0.0,0.543452463696847,0.0055586600320422196,0.2312907187445134
TEC,0.03164428593240183,0.8724656602021756,0.00024605836249700925,0.00886836842457515,0.0,0.0,0.007255848021431212,0.0,0.0,0.07951977905691901,0.0
TVA,0.13733424320044382,0.3380160347588853,0.0006948515036777152,0.0,0.0,0.4169862360880303,0.005903329843102701,0.0,0.09114943595130802,0.009817544051496565,9.832460305563275e-05
TEPC,0.6529878760925191,0.15473062270323298,0.0020918202112152917,0.0,0.0,0.0,0.0,0.0,0.0,0.10250569138948827,0.08768398960354433
TIDC,0.0,0.7558707497969708,-1.6449132844627212e-06,0.0,0.0,0.0,0.0,0.0,0.24413089511631364,0.0,0.0
WALC,0.031339445633480324,0.4136287002836698,2.0716008884082504e-06,0.0,0.0,0.0,0.0,0.0,0.4500230098191211,0.04650093462383898,0.05850583803900145
WACM,0.7289325731135594,0.09455197422156325,0.0009922393006169719,0.0,0.0,0.0,0.0002904524170808564,0.0,0.0415717934271441,0.014120153959974643,0.11954081356006095
WAUW,0.0,0.0,0.0,0.0,0.0,0.0,0.0,0.0,0.9469636167093631,0.0,0.053036383290636896
